call_id,order,customer,phone,time,status,duration_seconds,attempt,language,amount_tnd
306,10756,Asma Dridi,'+216 41 954 565,2026-09-28T09:27:00.000Z,confirmed,48,1,French,78.5
305,10755,Aziz Mansour,'+216 24 921 545,2026-09-28T08:59:00.000Z,confirmed,80,1,English,96
304,10754,Malek Trabelsi,'+216 46 456 549,2026-09-27T18:33:00.000Z,confirmed,82,2,Arabic,78
303,10754,Malek Trabelsi,'+216 46 456 549,2026-09-27T16:33:00.000Z,no_answer,,1,,78
301,10752,Anis Dridi,'+216 47 990 884,2026-09-27T13:39:00.000Z,confirmed,68,2,French,144
302,10753,Youssef Hadded,'+216 24 125 591,2026-09-27T12:45:00.000Z,failed,36,1,Arabic,226
298,10750,Mehdi Hadded,'+216 55 973 191,2026-09-27T11:21:00.000Z,confirmed,124,2,Arabic,29.5
300,10752,Anis Dridi,'+216 47 990 884,2026-09-27T10:39:00.000Z,no_answer,,1,,144
299,10751,Hatem Dridi,'+216 41 705 571,2026-09-27T10:13:00.000Z,confirmed,72,1,French,131
297,10750,Mehdi Hadded,'+216 55 973 191,2026-09-27T09:21:00.000Z,no_answer,,1,,29.5
296,10749,Rim Ben Salem,'+216 24 830 717,2026-09-26T19:31:00.000Z,confirmed,125,1,Arabic,140
295,10748,Sara Hadded,'+216 23 432 415,2026-09-26T18:47:00.000Z,confirmed,57,1,Arabic,159.5
294,10747,Salma Dridi,'+216 53 727 728,2026-09-26T18:29:00.000Z,confirmed,119,1,Arabic,216
293,10746,Leila Ben Salem,'+216 28 121 579,2026-09-26T17:27:00.000Z,confirmed,101,1,French,60
292,10745,Salma Gharbi,'+216 25 785 958,2026-09-26T17:21:00.000Z,confirmed,116,1,French,185
291,10744,Salma Mabrouk,'+216 98 333 745,2026-09-26T14:05:00.000Z,confirmed,71,1,French,93
290,10743,Hatem Bouzid,'+216 25 255 569,2026-09-26T11:13:00.000Z,confirmed,107,1,Arabic,138
289,10742,Malek Jebali,'+216 90 921 579,2026-09-25T21:08:00.000Z,failed,50,1,French,56
288,10741,Salma Bouzid,'+216 20 612 670,2026-09-25T18:54:00.000Z,confirmed,63,1,French,149
287,10740,Chaima Riahi,'+216 29 678 648,2026-09-25T17:08:00.000Z,confirmed,45,1,French,38
286,10739,Ines Mansour,'+216 59 570 156,2026-09-25T16:08:00.000Z,confirmed,109,1,French,128
284,10737,Emna Ferchichi,'+216 46 609 148,2026-09-25T11:28:00.000Z,confirmed,94,3,French,184
285,10738,Chaima Slama,'+216 28 256 798,2026-09-25T11:16:00.000Z,pending,,1,,31
283,10737,Emna Ferchichi,'+216 46 609 148,2026-09-25T10:28:00.000Z,no_answer,,2,,184
282,10737,Emna Ferchichi,'+216 46 609 148,2026-09-25T09:28:00.000Z,no_answer,,1,,184
281,10736,Leila Hadded,'+216 28 374 414,2026-09-25T08:22:00.000Z,confirmed,109,1,Arabic,145.5
280,10735,Hana Slama,'+216 95 993 671,2026-09-24T17:44:00.000Z,confirmed,76,1,Arabic,60.5
279,10734,Mehdi Hadded,'+216 41 271 962,2026-09-24T14:22:00.000Z,failed,38,1,French,166
276,10731,Sirine Khelifi,'+216 97 730 547,2026-09-24T13:39:00.000Z,confirmed,115,2,Arabic,258
278,10733,Mariem Ayedi,'+216 50 520 131,2026-09-24T13:17:00.000Z,confirmed,51,1,French,198.5
277,10732,Khalil Trabelsi,'+216 41 275 114,2026-09-24T11:19:00.000Z,failed,48,1,Arabic,37
275,10731,Sirine Khelifi,'+216 97 730 547,2026-09-24T10:39:00.000Z,no_answer,,1,,258
274,10730,Amine Jebali,'+216 53 746 557,2026-09-23T20:58:00.000Z,confirmed,88,1,French,276
273,10729,Youssef Mansour,'+216 45 334 101,2026-09-23T18:11:00.000Z,confirmed,90,1,Arabic,101
272,10728,Yasmine Boujemaa,'+216 51 451 205,2026-09-23T16:21:00.000Z,confirmed,68,1,French,31.5
271,10727,Aziz Mejri,'+216 54 160 435,2026-09-23T14:51:00.000Z,confirmed,76,1,Arabic,122
270,10726,Anis Trabelsi,'+216 95 800 234,2026-09-23T10:32:00.000Z,confirmed,118,1,French,175.5
269,10725,Walid Zouari,'+216 45 119 499,2026-09-23T10:20:00.000Z,confirmed,69,1,French,257.5
268,10724,Chaima Dridi,'+216 46 702 234,2026-09-22T17:06:00.000Z,confirmed,79,1,French,117
267,10723,Sirine Hadded,'+216 51 892 921,2026-09-22T10:56:00.000Z,confirmed,87,1,Arabic,220
266,10722,Omar Jebali,'+216 26 969 200,2026-09-22T09:49:00.000Z,confirmed,85,1,French,207
265,10721,Hamza Boujemaa,'+216 26 937 551,2026-09-22T09:34:00.000Z,confirmed,95,1,French,144.5
264,10720,Amine Jebali,'+216 57 325 746,2026-09-21T20:06:00.000Z,confirmed,108,1,English,36
263,10719,Anis Boujemaa,'+216 94 656 688,2026-09-21T17:38:00.000Z,confirmed,101,1,Arabic,209
262,10718,Bilel Kammoun,'+216 98 543 692,2026-09-21T17:26:00.000Z,pending,,1,,42
261,10717,Omar Bouzid,'+216 97 420 459,2026-09-21T14:14:00.000Z,confirmed,121,1,Arabic,123
260,10716,Aziz Jebali,'+216 54 471 597,2026-09-21T12:16:00.000Z,confirmed,122,1,Arabic,32.5
258,10714,Sami Mejri,'+216 52 895 199,2026-09-21T11:38:00.000Z,pending,,3,,303
257,10714,Sami Mejri,'+216 52 895 199,2026-09-21T09:38:00.000Z,no_answer,,2,,303
259,10715,Anis Sassi,'+216 29 385 564,2026-09-21T08:58:00.000Z,confirmed,56,1,French,233
256,10714,Sami Mejri,'+216 52 895 199,2026-09-21T08:38:00.000Z,no_answer,,1,,303
255,10713,Salma Mabrouk,'+216 91 160 493,2026-09-20T17:03:00.000Z,confirmed,105,1,Arabic,124
254,10712,Sara Gharbi,'+216 53 848 123,2026-09-20T12:48:00.000Z,confirmed,115,2,English,280
253,10712,Sara Gharbi,'+216 53 848 123,2026-09-20T11:48:00.000Z,no_answer,,1,,280
252,10711,Karim Trabelsi,'+216 24 581 747,2026-09-20T10:56:00.000Z,confirmed,47,1,French,248
251,10710,Sara Mabrouk,'+216 22 169 886,2026-09-20T07:39:00.000Z,confirmed,100,1,French,354
250,10709,Yasmine Ayedi,'+216 23 936 440,2026-09-19T18:55:00.000Z,failed,42,1,French,133.5
249,10708,Aziz Mejri,'+216 58 662 532,2026-09-19T18:51:00.000Z,confirmed,84,1,Arabic,25
248,10707,Sara Chaari,'+216 23 159 409,2026-09-19T17:52:00.000Z,confirmed,97,1,French,213
247,10706,Amine Riahi,'+216 44 616 554,2026-09-19T16:26:00.000Z,confirmed,87,1,French,120
246,10705,Sami Ayedi,'+216 28 814 969,2026-09-19T16:11:00.000Z,confirmed,78,1,French,172
245,10704,Salma Boujemaa,'+216 45 795 217,2026-09-19T10:26:00.000Z,confirmed,90,1,Arabic,196
244,10703,Khalil Hadded,'+216 50 137 500,2026-09-19T07:25:00.000Z,confirmed,73,1,Arabic,35.5
243,10702,Youssef Mansour,'+216 22 699 605,2026-09-18T18:02:00.000Z,confirmed,67,1,Arabic,184.5
242,10701,Karim Hammami,'+216 56 603 924,2026-09-18T17:47:00.000Z,confirmed,99,1,Arabic,302
241,10700,Karim Mabrouk,'+216 95 406 800,2026-09-18T17:28:00.000Z,confirmed,93,1,French,153
240,10699,Hamza Riahi,'+216 94 441 373,2026-09-18T17:16:00.000Z,confirmed,123,1,French,83
239,10698,Asma Slama,'+216 95 544 169,2026-09-18T14:58:00.000Z,confirmed,98,1,Arabic,218
238,10697,Sara Khelifi,'+216 58 427 629,2026-09-18T08:48:00.000Z,confirmed,59,2,French,26
237,10697,Sara Khelifi,'+216 58 427 629,2026-09-18T07:48:00.000Z,no_answer,,1,,26
236,10696,Fatma Mabrouk,'+216 25 813 179,2026-09-18T07:40:00.000Z,confirmed,56,1,French,91
235,10695,Sirine Toumi,'+216 28 454 596,2026-09-17T21:03:00.000Z,confirmed,77,1,Arabic,93
234,10694,Leila Jlassi,'+216 94 768 266,2026-09-17T16:50:00.000Z,confirmed,69,1,French,147
233,10693,Leila Dridi,'+216 98 226 939,2026-09-17T15:12:00.000Z,confirmed,87,1,Arabic,78
231,10691,Salma Ferchichi,'+216 52 789 891,2026-09-17T11:26:00.000Z,confirmed,77,2,Arabic,380.5
232,10692,Hatem Slama,'+216 96 282 507,2026-09-17T09:50:00.000Z,failed,57,1,English,77.5
230,10691,Salma Ferchichi,'+216 52 789 891,2026-09-17T09:26:00.000Z,no_answer,,1,,380.5
229,10690,Aziz Mansour,'+216 28 525 377,2026-09-16T21:08:00.000Z,confirmed,93,1,French,77
228,10689,Fatma Zouari,'+216 47 393 237,2026-09-16T20:55:00.000Z,confirmed,47,1,English,927
227,10688,Rania Hammami,'+216 59 498 134,2026-09-16T12:17:00.000Z,confirmed,83,1,French,34
226,10687,Sirine Baccar,'+216 41 256 668,2026-09-16T10:50:00.000Z,confirmed,45,1,Arabic,208
225,10686,Leila Baccar,'+216 47 267 788,2026-09-16T09:40:00.000Z,confirmed,115,1,French,99
224,10685,Mehdi Mejri,'+216 47 780 423,2026-09-16T09:32:00.000Z,confirmed,125,1,French,107.5
223,10684,Hamza Hammami,'+216 52 328 948,2026-09-15T21:05:00.000Z,confirmed,91,2,French,111
222,10684,Hamza Hammami,'+216 52 328 948,2026-09-15T20:05:00.000Z,no_answer,,1,,111
221,10683,Chaima Baccar,'+216 24 185 331,2026-09-15T19:54:00.000Z,confirmed,46,1,French,109
220,10682,Sami Chaari,'+216 56 498 146,2026-09-15T19:16:00.000Z,confirmed,59,1,French,158
219,10681,Salma Jlassi,'+216 96 400 410,2026-09-15T12:11:00.000Z,confirmed,80,1,Arabic,23
218,10680,Amine Dridi,'+216 56 259 351,2026-09-15T09:04:00.000Z,confirmed,64,1,French,169
217,10679,Yasmine Trabelsi,'+216 94 349 361,2026-09-14T21:00:00.000Z,confirmed,123,1,French,402
216,10678,Nour Jebali,'+216 96 311 760,2026-09-14T19:59:00.000Z,confirmed,103,1,French,125
215,10677,Malek Boujemaa,'+216 41 329 984,2026-09-14T15:44:00.000Z,confirmed,66,1,French,286
214,10676,Sara Slama,'+216 42 361 170,2026-09-14T10:56:00.000Z,confirmed,123,1,French,32.5
213,10675,Omar Ferchichi,'+216 99 929 169,2026-09-14T09:42:00.000Z,confirmed,89,1,French,148
212,10674,Salma Slama,'+216 28 229 585,2026-09-14T07:28:00.000Z,confirmed,104,1,Arabic,106
211,10673,Malek Trabelsi,'+216 23 984 174,2026-09-13T18:03:00.000Z,confirmed,117,1,French,66.5
210,10672,Hamza Baccar,'+216 41 365 452,2026-09-13T14:49:00.000Z,confirmed,130,1,French,131
209,10671,Omar Jlassi,'+216 47 455 584,2026-09-13T10:53:00.000Z,confirmed,78,1,French,170.5
208,10670,Omar Boujemaa,'+216 45 505 294,2026-09-13T09:42:00.000Z,confirmed,120,1,Arabic,313
207,10669,Nour Hadded,'+216 41 939 731,2026-09-12T17:44:00.000Z,confirmed,89,1,French,122.5
206,10668,Rim Ferchichi,'+216 27 295 874,2026-09-12T17:22:00.000Z,confirmed,59,1,Arabic,62
205,10667,Aziz Mansour,'+216 42 756 814,2026-09-12T16:54:00.000Z,failed,53,1,French,141
204,10666,Sirine Riahi,'+216 59 602 231,2026-09-12T16:15:00.000Z,confirmed,128,1,French,232
203,10665,Hamza Hammami,'+216 26 325 723,2026-09-12T13:55:00.000Z,confirmed,88,2,French,205
202,10665,Hamza Hammami,'+216 26 325 723,2026-09-12T12:55:00.000Z,no_answer,,1,,205
201,10664,Leila Kammoun,'+216 55 491 123,2026-09-12T11:27:00.000Z,confirmed,76,1,French,154.5
200,10663,Sami Boujemaa,'+216 91 978 293,2026-09-11T14:18:00.000Z,failed,22,1,French,52.5
199,10662,Hana Chaari,'+216 23 503 232,2026-09-11T13:48:00.000Z,confirmed,64,1,French,371
198,10661,Rim Hammami,'+216 21 509 915,2026-09-11T13:29:00.000Z,confirmed,105,2,French,206
197,10661,Rim Hammami,'+216 21 509 915,2026-09-11T12:29:00.000Z,no_answer,,1,,206
196,10660,Youssef Zouari,'+216 93 284 520,2026-09-11T10:32:00.000Z,failed,56,1,French,280
195,10659,Aziz Kammoun,'+216 41 133 389,2026-09-11T08:02:00.000Z,confirmed,49,1,Arabic,139
194,10658,Anis Hadded,'+216 54 342 255,2026-09-11T07:41:00.000Z,confirmed,109,1,French,29.5
193,10657,Leila Dridi,'+216 92 851 904,2026-09-10T15:07:00.000Z,confirmed,124,1,Arabic,52
192,10656,Nour Ayedi,'+216 53 634 617,2026-09-10T13:28:00.000Z,confirmed,124,1,English,46
191,10655,Sami Mansour,'+216 21 221 357,2026-09-10T10:26:00.000Z,confirmed,116,1,Arabic,458.5
190,10654,Sara Chaari,'+216 90 278 924,2026-09-10T10:24:00.000Z,confirmed,122,1,Arabic,87.5
189,10653,Mehdi Ferchichi,'+216 95 690 162,2026-09-10T08:58:00.000Z,confirmed,59,1,French,23
188,10652,Bilel Hadded,'+216 91 521 870,2026-09-09T17:19:00.000Z,confirmed,45,1,Arabic,24
187,10651,Emna Khelifi,'+216 21 600 187,2026-09-09T11:43:00.000Z,confirmed,96,1,French,93
185,10649,Hana Khelifi,'+216 44 521 276,2026-09-09T11:39:00.000Z,confirmed,103,2,English,58
186,10650,Emna Ferchichi,'+216 44 955 499,2026-09-09T11:12:00.000Z,confirmed,88,1,French,63
184,10649,Hana Khelifi,'+216 44 521 276,2026-09-09T10:39:00.000Z,no_answer,,1,,58
183,10648,Nour Jlassi,'+216 24 430 644,2026-09-08T18:53:00.000Z,confirmed,118,1,French,723
182,10647,Hatem Hammami,'+216 94 231 588,2026-09-08T18:15:00.000Z,confirmed,53,1,Arabic,81
181,10646,Sara Mejri,'+216 56 311 954,2026-09-08T16:41:00.000Z,failed,47,1,French,86
180,10645,Khalil Mabrouk,'+216 95 750 694,2026-09-08T16:07:00.000Z,confirmed,81,1,French,182
179,10644,Mehdi Ayedi,'+216 98 642 621,2026-09-08T15:28:00.000Z,confirmed,104,1,Arabic,222
178,10643,Aziz Ben Salem,'+216 93 231 148,2026-09-08T11:43:00.000Z,confirmed,83,1,Arabic,126
177,10642,Hana Riahi,'+216 52 888 780,2026-09-08T09:16:00.000Z,confirmed,57,1,Arabic,92
176,10641,Asma Chaari,'+216 99 509 301,2026-09-07T20:36:00.000Z,confirmed,124,1,French,22
175,10640,Fatma Zouari,'+216 49 132 424,2026-09-07T19:42:00.000Z,failed,46,1,French,25
174,10639,Leila Mansour,'+216 57 621 758,2026-09-07T17:24:00.000Z,confirmed,46,1,Arabic,52
173,10638,Sami Slama,'+216 22 915 707,2026-09-07T16:31:00.000Z,confirmed,95,1,French,507
172,10637,Ahmed Mansour,'+216 91 230 773,2026-09-07T15:29:00.000Z,confirmed,59,1,French,261
171,10636,Hana Bouzid,'+216 50 257 735,2026-09-07T12:33:00.000Z,confirmed,69,1,French,113
170,10635,Bilel Mabrouk,'+216 93 690 559,2026-09-06T19:29:00.000Z,confirmed,69,1,French,91
169,10634,Hamza Jlassi,'+216 94 583 490,2026-09-06T14:22:00.000Z,confirmed,79,1,Arabic,260
168,10633,Karim Slama,'+216 48 998 308,2026-09-06T13:15:00.000Z,confirmed,84,1,French,141.5
167,10632,Salma Ben Salem,'+216 59 687 573,2026-09-06T13:03:00.000Z,confirmed,51,1,French,244.5
166,10631,Mariem Dridi,'+216 54 284 443,2026-09-06T11:21:00.000Z,confirmed,88,1,French,193
165,10630,Hatem Mejri,'+216 28 454 285,2026-09-06T08:49:00.000Z,confirmed,88,1,French,370
164,10629,Mehdi Slama,'+216 55 831 912,2026-09-05T19:48:00.000Z,confirmed,110,1,French,156
163,10628,Nour Toumi,'+216 20 217 654,2026-09-05T16:01:00.000Z,confirmed,82,1,Arabic,167.5
162,10627,Hatem Dridi,'+216 26 833 974,2026-09-05T13:21:00.000Z,confirmed,46,1,French,37.5
161,10626,Yasmine Ayedi,'+216 90 767 754,2026-09-05T12:46:00.000Z,confirmed,63,1,French,492
160,10625,Karim Zouari,'+216 56 327 232,2026-09-05T12:30:00.000Z,confirmed,79,1,French,38
159,10624,Karim Mabrouk,'+216 55 261 646,2026-09-05T08:25:00.000Z,confirmed,75,1,French,252
158,10623,Anis Zouari,'+216 91 274 622,2026-09-04T19:51:00.000Z,confirmed,47,1,English,732
156,10621,Sara Hadded,'+216 50 920 224,2026-09-04T14:12:00.000Z,confirmed,61,1,French,53
157,10622,Hana Trabelsi,'+216 25 499 558,2026-09-04T14:09:00.000Z,confirmed,79,1,French,182.5
155,10620,Hatem Baccar,'+216 50 857 467,2026-09-04T11:30:00.000Z,confirmed,69,1,French,163
154,10619,Hana Jebali,'+216 99 286 221,2026-09-04T10:09:00.000Z,confirmed,72,1,French,393
153,10618,Asma Boujemaa,'+216 94 197 185,2026-09-03T17:44:00.000Z,confirmed,71,1,French,98
151,10616,Sami Boujemaa,'+216 40 238 645,2026-09-03T16:58:00.000Z,confirmed,49,2,Arabic,49
152,10617,Ahmed Jlassi,'+216 29 895 913,2026-09-03T15:50:00.000Z,confirmed,104,1,Arabic,338
150,10616,Sami Boujemaa,'+216 40 238 645,2026-09-03T13:58:00.000Z,no_answer,,1,,49
149,10615,Nour Zouari,'+216 42 119 386,2026-09-03T09:44:00.000Z,confirmed,48,2,French,55
147,10614,Omar Ben Salem,'+216 25 898 983,2026-09-03T08:13:00.000Z,pending,,2,,54
148,10615,Nour Zouari,'+216 42 119 386,2026-09-03T07:44:00.000Z,no_answer,,1,,55
146,10614,Omar Ben Salem,'+216 25 898 983,2026-09-03T07:13:00.000Z,no_answer,,1,,54
145,10613,Walid Ben Salem,'+216 51 184 928,2026-09-02T20:09:00.000Z,confirmed,47,1,Arabic,216
144,10612,Hana Chaari,'+216 27 976 207,2026-09-02T19:00:00.000Z,confirmed,106,1,French,74
143,10611,Chaima Bouzid,'+216 27 168 800,2026-09-02T14:16:00.000Z,confirmed,101,1,French,100
142,10610,Hamza Boujemaa,'+216 51 802 194,2026-09-02T10:55:00.000Z,confirmed,128,1,French,49
141,10609,Sara Bouzid,'+216 28 562 819,2026-09-02T10:43:00.000Z,confirmed,121,1,Arabic,57.5
136,10604,Nour Dridi,'+216 93 405 835,2026-09-01T13:48:00.000Z,confirmed,56,2,French,56
140,10608,Ahmed Jebali,'+216 93 110 582,2026-09-01T13:15:00.000Z,confirmed,99,1,French,108
139,10607,Leila Trabelsi,'+216 28 399 456,2026-09-01T12:40:00.000Z,confirmed,111,1,French,31.5
138,10606,Chaima Bouzid,'+216 53 646 118,2026-09-01T12:02:00.000Z,confirmed,121,1,French,121.5
137,10605,Anis Slama,'+216 24 924 786,2026-09-01T11:15:00.000Z,confirmed,96,1,French,26
135,10604,Nour Dridi,'+216 93 405 835,2026-09-01T10:48:00.000Z,no_answer,,1,,56
134,10603,Ines Ferchichi,'+216 52 976 718,2026-08-31T19:32:00.000Z,confirmed,120,1,Arabic,114
133,10602,Hana Khelifi,'+216 49 167 718,2026-08-31T17:52:00.000Z,failed,35,1,French,312.5
132,10601,Hatem Mejri,'+216 46 209 159,2026-08-31T12:02:00.000Z,confirmed,90,1,French,68.5
131,10600,Anis Kammoun,'+216 20 235 379,2026-08-31T10:45:00.000Z,failed,56,1,French,336.5
130,10599,Mariem Mansour,'+216 53 906 233,2026-08-31T10:04:00.000Z,confirmed,65,1,English,33
129,10598,Anis Slama,'+216 91 671 361,2026-08-31T09:25:00.000Z,confirmed,106,1,French,52
127,10596,Hamza Slama,'+216 56 251 974,2026-08-30T18:33:00.000Z,confirmed,55,2,French,110
128,10597,Leila Jebali,'+216 27 852 427,2026-08-30T17:55:00.000Z,confirmed,110,1,French,43
126,10596,Hamza Slama,'+216 56 251 974,2026-08-30T16:33:00.000Z,no_answer,,1,,110
125,10595,Karim Gharbi,'+216 26 996 165,2026-08-30T13:10:00.000Z,confirmed,88,1,French,128
124,10594,Nour Zouari,'+216 96 779 608,2026-08-30T12:42:00.000Z,confirmed,63,1,French,54.5
123,10593,Leila Kammoun,'+216 94 781 631,2026-08-29T19:52:00.000Z,confirmed,122,1,French,51
122,10592,Fatma Trabelsi,'+216 54 461 769,2026-08-29T17:28:00.000Z,pending,,1,,231
121,10591,Hana Bouzid,'+216 21 436 441,2026-08-29T16:42:00.000Z,confirmed,103,1,Arabic,32
120,10590,Yasmine Ferchichi,'+216 96 745 179,2026-08-29T15:04:00.000Z,confirmed,126,1,Arabic,27.5
119,10589,Amine Sassi,'+216 21 479 694,2026-08-29T08:33:00.000Z,confirmed,120,1,Arabic,226
118,10588,Amine Jlassi,'+216 27 919 265,2026-08-29T08:15:00.000Z,confirmed,113,1,Arabic,50
117,10587,Malek Zouari,'+216 20 207 832,2026-08-28T16:55:00.000Z,confirmed,78,1,Arabic,160.5
116,10586,Salma Mabrouk,'+216 94 192 814,2026-08-28T08:03:00.000Z,confirmed,65,1,French,188
115,10585,Chaima Trabelsi,'+216 95 268 436,2026-08-28T07:22:00.000Z,confirmed,105,1,French,120.5
114,10584,Hana Sassi,'+216 95 578 847,2026-08-28T07:14:00.000Z,confirmed,67,1,French,26
113,10583,Sirine Ben Salem,'+216 95 533 959,2026-08-27T16:00:00.000Z,confirmed,119,1,French,213
112,10582,Mariem Chaari,'+216 45 578 762,2026-08-27T12:36:00.000Z,confirmed,77,1,Arabic,142
111,10581,Karim Jebali,'+216 41 840 257,2026-08-27T11:42:00.000Z,confirmed,69,1,French,37.5
110,10580,Hana Chaari,'+216 29 589 158,2026-08-27T08:35:00.000Z,confirmed,70,1,French,110
109,10579,Hamza Ayedi,'+216 26 502 382,2026-08-26T19:38:00.000Z,confirmed,121,1,French,160
108,10578,Anis Mansour,'+216 48 531 776,2026-08-26T14:39:00.000Z,failed,43,1,French,53.5
107,10577,Mehdi Hammami,'+216 41 989 638,2026-08-26T11:46:00.000Z,confirmed,75,1,English,110
106,10576,Anis Bouzid,'+216 45 392 785,2026-08-26T11:13:00.000Z,confirmed,64,1,French,110
105,10575,Malek Mansour,'+216 90 508 533,2026-08-26T10:50:00.000Z,confirmed,108,3,French,119
104,10575,Malek Mansour,'+216 90 508 533,2026-08-26T08:50:00.000Z,no_answer,,2,,119
103,10575,Malek Mansour,'+216 90 508 533,2026-08-26T07:50:00.000Z,no_answer,,1,,119
102,10574,Hamza Hammami,'+216 46 908 129,2026-08-25T21:07:00.000Z,confirmed,113,1,French,189
101,10573,Khalil Trabelsi,'+216 95 751 181,2026-08-25T19:03:00.000Z,confirmed,53,1,Arabic,93
100,10572,Salma Jlassi,'+216 51 415 470,2026-08-25T18:21:00.000Z,confirmed,87,1,French,176.5
99,10571,Hamza Jebali,'+216 25 566 218,2026-08-25T16:00:00.000Z,confirmed,63,1,Arabic,26
98,10570,Hamza Ben Salem,'+216 52 797 555,2026-08-24T18:47:00.000Z,confirmed,124,1,French,126
97,10569,Mehdi Sassi,'+216 55 446 512,2026-08-24T13:20:00.000Z,confirmed,51,1,Arabic,30
96,10568,Youssef Bouzid,'+216 58 270 761,2026-08-24T08:12:00.000Z,confirmed,114,1,Arabic,138.5
94,10566,Rania Gharbi,'+216 25 424 220,2026-08-23T15:10:00.000Z,confirmed,102,2,French,143
95,10567,Mehdi Mejri,'+216 42 525 177,2026-08-23T14:19:00.000Z,confirmed,121,1,French,25.5
93,10566,Rania Gharbi,'+216 25 424 220,2026-08-23T12:10:00.000Z,no_answer,,1,,143
92,10565,Sirine Kammoun,'+216 53 658 551,2026-08-23T11:09:00.000Z,confirmed,92,1,French,121
91,10564,Omar Baccar,'+216 91 948 131,2026-08-22T16:29:00.000Z,confirmed,72,1,Arabic,219
90,10563,Malek Kammoun,'+216 58 216 297,2026-08-22T16:07:00.000Z,confirmed,86,1,French,198.5
89,10562,Khalil Jebali,'+216 52 170 359,2026-08-22T15:48:00.000Z,confirmed,64,1,French,59
88,10561,Walid Slama,'+216 95 961 266,2026-08-21T20:27:00.000Z,confirmed,64,1,Arabic,37.5
87,10560,Hana Hadded,'+216 20 185 113,2026-08-21T17:37:00.000Z,confirmed,118,1,Arabic,132.5
86,10559,Sami Dridi,'+216 58 219 416,2026-08-21T13:10:00.000Z,confirmed,78,1,Arabic,294.5
85,10558,Malek Sassi,'+216 46 319 568,2026-08-21T11:45:00.000Z,confirmed,128,1,English,454
84,10557,Leila Ferchichi,'+216 98 959 217,2026-08-21T09:17:00.000Z,confirmed,96,2,French,26
83,10557,Leila Ferchichi,'+216 98 959 217,2026-08-21T08:17:00.000Z,no_answer,,1,,26
82,10556,Nour Dridi,'+216 28 674 689,2026-08-20T19:30:00.000Z,confirmed,98,2,Arabic,83
81,10556,Nour Dridi,'+216 28 674 689,2026-08-20T18:30:00.000Z,no_answer,,1,,83
80,10555,Hamza Toumi,'+216 26 534 184,2026-08-20T13:29:00.000Z,confirmed,86,1,French,558
79,10554,Leila Jebali,'+216 20 436 845,2026-08-20T09:14:00.000Z,confirmed,124,1,French,24.5
78,10553,Chaima Dridi,'+216 90 740 330,2026-08-20T07:56:00.000Z,confirmed,45,1,French,137.5
77,10552,Nour Mansour,'+216 98 995 643,2026-08-19T16:45:00.000Z,confirmed,48,1,French,37
76,10551,Asma Toumi,'+216 96 131 698,2026-08-19T12:31:00.000Z,confirmed,119,2,Arabic,185.5
75,10551,Asma Toumi,'+216 96 131 698,2026-08-19T09:31:00.000Z,no_answer,,1,,185.5
74,10550,Sami Mejri,'+216 40 461 641,2026-08-19T07:47:00.000Z,confirmed,97,1,Arabic,149
73,10549,Chaima Ayedi,'+216 49 787 840,2026-08-18T20:26:00.000Z,confirmed,128,1,Arabic,167
72,10548,Hatem Jlassi,'+216 22 224 887,2026-08-18T19:53:00.000Z,confirmed,52,1,French,130.5
71,10547,Khalil Riahi,'+216 29 517 357,2026-08-18T15:24:00.000Z,confirmed,115,1,Arabic,84
70,10546,Rim Kammoun,'+216 41 789 217,2026-08-17T18:58:00.000Z,failed,46,1,French,63
69,10545,Karim Slama,'+216 90 819 195,2026-08-17T18:41:00.000Z,confirmed,75,1,Arabic,34
68,10544,Sirine Mansour,'+216 99 400 536,2026-08-17T15:34:00.000Z,pending,,1,,27.5
67,10543,Anis Ayedi,'+216 43 381 989,2026-08-17T12:09:00.000Z,failed,21,1,French,121.5
66,10542,Mariem Trabelsi,'+216 99 654 237,2026-08-16T15:08:00.000Z,confirmed,68,1,Arabic,55
65,10541,Nour Ben Salem,'+216 28 489 956,2026-08-16T11:53:00.000Z,confirmed,67,1,Arabic,273.5
64,10540,Emna Hammami,'+216 23 330 632,2026-08-16T11:15:00.000Z,confirmed,119,1,Arabic,88
63,10539,Rim Kammoun,'+216 41 507 325,2026-08-15T18:54:00.000Z,confirmed,104,1,French,316
62,10538,Yasmine Mejri,'+216 94 403 168,2026-08-15T15:40:00.000Z,confirmed,130,1,Arabic,272
61,10537,Ahmed Hadded,'+216 28 449 672,2026-08-15T15:38:00.000Z,confirmed,108,1,Arabic,160.5
60,10536,Hatem Boujemaa,'+216 51 843 608,2026-08-14T18:10:00.000Z,failed,47,1,French,49.5
59,10535,Ahmed Bouzid,'+216 49 873 321,2026-08-14T10:28:00.000Z,confirmed,67,1,French,33
58,10534,Amine Chaari,'+216 48 998 432,2026-08-14T07:38:00.000Z,confirmed,97,1,French,45
57,10533,Walid Ferchichi,'+216 94 118 176,2026-08-13T21:05:00.000Z,confirmed,90,1,French,244.5
56,10532,Anis Jlassi,'+216 90 203 180,2026-08-13T17:26:00.000Z,confirmed,109,1,French,33.5
55,10531,Emna Sassi,'+216 20 441 640,2026-08-13T11:09:00.000Z,confirmed,92,1,French,103.5
54,10530,Anis Baccar,'+216 51 527 787,2026-08-12T20:30:00.000Z,confirmed,72,1,Arabic,184
53,10529,Walid Mejri,'+216 92 858 242,2026-08-12T16:31:00.000Z,confirmed,107,2,French,168.5
52,10529,Walid Mejri,'+216 92 858 242,2026-08-12T14:31:00.000Z,no_answer,,1,,168.5
51,10528,Hatem Baccar,'+216 40 448 165,2026-08-12T10:44:00.000Z,failed,57,1,French,134
50,10527,Anis Bouzid,'+216 97 896 117,2026-08-12T09:40:00.000Z,confirmed,76,1,Arabic,343.5
49,10526,Leila Ferchichi,'+216 22 781 135,2026-08-12T08:46:00.000Z,confirmed,72,1,Arabic,53
48,10525,Karim Khelifi,'+216 26 797 232,2026-08-11T18:45:00.000Z,confirmed,49,1,Arabic,177
47,10524,Anis Kammoun,'+216 55 122 243,2026-08-11T18:30:00.000Z,confirmed,92,1,French,80.5
46,10523,Emna Chaari,'+216 97 536 454,2026-08-11T15:24:00.000Z,confirmed,129,1,French,37
45,10522,Salma Dridi,'+216 49 710 981,2026-08-10T20:43:00.000Z,failed,35,1,French,387.5
44,10521,Leila Mansour,'+216 20 350 529,2026-08-10T12:43:00.000Z,confirmed,117,1,French,88
43,10520,Sirine Kammoun,'+216 22 886 154,2026-08-10T12:29:00.000Z,confirmed,93,1,French,143.5
42,10519,Sara Chaari,'+216 92 897 792,2026-08-10T12:20:00.000Z,confirmed,95,1,Arabic,212
41,10518,Hamza Dridi,'+216 21 360 110,2026-08-10T11:06:00.000Z,failed,20,1,French,60
40,10517,Hana Dridi,'+216 98 322 746,2026-08-09T20:34:00.000Z,confirmed,130,1,French,125
39,10516,Hatem Ben Salem,'+216 97 574 847,2026-08-09T13:58:00.000Z,confirmed,83,1,Arabic,104
38,10515,Asma Khelifi,'+216 59 571 421,2026-08-09T13:05:00.000Z,confirmed,111,1,French,199.5
37,10514,Rim Kammoun,'+216 51 862 836,2026-08-08T12:29:00.000Z,confirmed,55,1,Arabic,326
36,10513,Salma Khelifi,'+216 98 155 154,2026-08-08T11:55:00.000Z,pending,,1,,570
35,10512,Sirine Jebali,'+216 49 328 542,2026-08-08T08:47:00.000Z,confirmed,78,1,Arabic,90.5
34,10511,Sirine Riahi,'+216 94 109 183,2026-08-07T19:41:00.000Z,confirmed,114,1,Arabic,161
33,10510,Amine Kammoun,'+216 22 437 709,2026-08-07T16:22:00.000Z,confirmed,106,1,Arabic,128
32,10509,Bilel Zouari,'+216 55 826 528,2026-08-07T12:56:00.000Z,confirmed,124,1,Arabic,414.5
31,10508,Asma Ayedi,'+216 92 729 227,2026-08-07T11:23:00.000Z,confirmed,52,1,French,56.5
30,10507,Salma Ben Salem,'+216 99 650 828,2026-08-06T20:32:00.000Z,confirmed,108,1,Arabic,44
29,10506,Salma Trabelsi,'+216 93 109 111,2026-08-06T15:51:00.000Z,confirmed,104,1,Arabic,39
28,10505,Rim Bouzid,'+216 95 619 724,2026-08-06T08:14:00.000Z,confirmed,103,1,French,334.5
27,10504,Anis Jlassi,'+216 44 853 158,2026-08-05T17:48:00.000Z,confirmed,61,1,Arabic,144
24,10501,Mariem Khelifi,'+216 24 560 183,2026-08-05T12:35:00.000Z,confirmed,46,2,Arabic,114.5
26,10503,Rim Sassi,'+216 53 892 871,2026-08-05T11:34:00.000Z,confirmed,130,1,French,125
25,10502,Emna Baccar,'+216 53 379 459,2026-08-05T11:01:00.000Z,confirmed,58,1,French,135.5
23,10501,Mariem Khelifi,'+216 24 560 183,2026-08-05T09:35:00.000Z,no_answer,,1,,114.5
22,10500,Walid Khelifi,'+216 97 227 325,2026-08-04T20:52:00.000Z,confirmed,124,1,English,262
21,10499,Walid Mansour,'+216 98 262 846,2026-08-04T18:06:00.000Z,confirmed,86,1,French,23
20,10498,Hatem Jebali,'+216 95 351 646,2026-08-04T09:46:00.000Z,confirmed,126,1,French,137
19,10497,Aziz Bouzid,'+216 98 692 250,2026-08-03T19:48:00.000Z,confirmed,92,1,Arabic,115.5
18,10496,Rania Hammami,'+216 55 678 272,2026-08-03T17:42:00.000Z,confirmed,49,1,Arabic,257.5
17,10495,Hana Chaari,'+216 47 761 436,2026-08-03T09:41:00.000Z,confirmed,126,1,French,36.5
15,10493,Amine Mabrouk,'+216 43 633 548,2026-08-02T19:11:00.000Z,confirmed,102,2,Arabic,294
16,10494,Anis Sassi,'+216 29 635 431,2026-08-02T16:54:00.000Z,confirmed,61,1,Arabic,43
14,10493,Amine Mabrouk,'+216 43 633 548,2026-08-02T16:11:00.000Z,no_answer,,1,,294
13,10492,Bilel Mansour,'+216 43 106 985,2026-08-02T13:06:00.000Z,confirmed,69,1,French,98
12,10491,Omar Ferchichi,'+216 43 436 421,2026-08-02T11:43:00.000Z,confirmed,127,1,French,113
11,10490,Sirine Hammami,'+216 51 627 385,2026-08-02T07:37:00.000Z,failed,47,1,French,62
10,10489,Walid Bouzid,'+216 27 669 105,2026-08-01T17:57:00.000Z,confirmed,118,1,English,123
9,10488,Hamza Hammami,'+216 98 346 920,2026-08-01T11:00:00.000Z,confirmed,54,1,French,230
8,10487,Mehdi Ayedi,'+216 28 984 449,2026-08-01T08:53:00.000Z,confirmed,98,1,French,102
7,10486,Rim Bouzid,'+216 23 146 548,2026-08-01T08:48:00.000Z,confirmed,86,1,French,193.5
6,10485,Emna Khelifi,'+216 95 351 295,2026-08-01T08:01:00.000Z,confirmed,78,1,French,125.5
5,10484,Yasmine Boujemaa,'+216 51 931 755,2026-07-31T20:20:00.000Z,confirmed,68,1,French,90
4,10483,Nour Chaari,'+216 95 574 470,2026-07-31T19:39:00.000Z,confirmed,75,1,Arabic,110.5
3,10482,Sirine Ayedi,'+216 52 642 626,2026-07-31T15:01:00.000Z,confirmed,62,1,French,224
2,10481,Amine Hammami,'+216 97 179 800,2026-07-31T14:53:00.000Z,confirmed,124,1,Arabic,188.5
1,10480,Leila Jebali,'+216 25 826 254,2026-07-31T10:49:00.000Z,confirmed,45,1,ar,141